{"cameraMode":{"drawMode":0,"name":"Shaded","section":"Shading Mode"},"sceneLighting":true,"audioPlay":false,"sceneViewState":{"showFog":true,"showMaterialUpdate":false,"showSkybox":true,"showFlares":true,"showImageEffects":true,"showParticleSystems":true},"in2DMode":false,"pivot":{"x":-9.332281112670899,"y":1.1983957290649415,"z":9.586570739746094},"rotation":{"x":-0.12314041703939438,"y":0.40457427501678469,"z":-0.05507925525307655,"w":-0.904502272605896},"size":40.67012405395508,"orthographic":false}